<?xml version="1.0" encoding="UTF-8" standalone="yes"?>
<model type="com.apple.IDECoreDataModeler.DataModel" documentVersion="1.0" lastSavedToolsVersion="20086" systemVersion="21E230" minimumToolsVersion="Automatic" sourceLanguage="Swift" userDefinedModelVersionIdentifier="">
    <entity name="Exercises" representedClassName="Exercises" syncable="YES">
        <attribute name="equipments" optional="YES" attributeType="String"/>
        <attribute name="name" optional="YES" attributeType="String"/>
        <attribute name="reps" optional="YES" attributeType="Integer 16" defaultValueString="0" usesScalarValueType="YES"/>
        <attribute name="sets" optional="YES" attributeType="Integer 16" defaultValueString="0" usesScalarValueType="YES"/>
    </entity>
    <elements>
        <element name="Exercises" positionX="-63" positionY="-18" width="128" height="89"/>
    </elements>
</model>